__v,_id,email,name,office,password
0,61d781c8df0330c41032b8a8,felipe@felipe.com,felipe,Analista de Automação PL,$2b$12$C374OBTHrqEWQ8mwA4Eo9u.83MzY5Tc5fiKxyT0Nm2wIKnrIETj76
0,61d80f3323b906b4a8853bd2,derek@teste.com,derek,Analista de Automação PL,$2b$12$BSHlEAovy9EeKMJcFAmypO9E8fHzE24fP2f5NwZTHmQtn.PIvysHC
0,61d80f3923b906b4a8853bd5,maria@teste.com,maria,Analista de Automação PL,$2b$12$C5W0Ll4P1WEKK/xeiKN44uPrbym2G.xTA6LF3AKxRtlpEemgvc3Vm
0,61d80f3f23b906b4a8853bd8,deps@teste.com,deps,Analista de Automação PL,$2b$12$/7cMADPytMuS1ShX98KhBOe5UKhC0/7lSiQYIu2z5aSDBBTn3qZSm
0,61d80f4723b906b4a8853bdb,guilherme@teste.com,guilherme,Analista de Automação PL,$2b$12$DamFkJVTFgWJ7ZWuAnJPVunX.hcwJNWSKiurAxMVmxe5E0zono2be
0,61d80f5423b906b4a8853be0,victor@teste.com,victor,Analista de Automação PL,$2b$12$F1dWnTAwSRHToF975NMVU..jU5ZDjaHVlTSpNBteqSdY8Dc9M2b86
0,61d80f5e23b906b4a8853be3,marina@teste.com,marina,Analista de Automação PL,$2b$12$RLVvnL7OYXkeukZeDMxliul8o9utd2k.cr236xzVY7EAXMJNfRjmW
0,61d80f6423b906b4a8853be6,portela@teste.com,portela,Analista de Automação PL,$2b$12$xxYpgMTl7PZRQJV4GT5dIeJDvsBaNO9trH5BDpj1PRZhSkpuPEPmm
0,61d80f6823b906b4a8853be9,alefe@teste.com,alefe,Analista de Automação PL,$2b$12$xfj/qlQWQ29zVFTrp/eWPO.V5eDwnD3/02cK8StHYIIy5XpASMubG
0,61d80fde23b906b4a8853bf5,rhynner@teste.com,rhynner,Analista de Automação PL,$2b$12$mAKQhc43dF40osJLhxXrSupK/qwBCXTa3pS81qIzfvAVi6f4X88Ea
0,61d80fe523b906b4a8853bf8,monfardini@teste.com,monfardini,Analista de Automação PL,$2b$12$U8I/YxYTW9KeR.g.9f2xJ.CBGtNhKYs.SYH6X66KvxG0D3n3o9Qbi
0,61d80fec23b906b4a8853bfc,was@teste.com,was,Analista de Automação PL,$2b$12$ZeLOihpU1vg.sEwS/Zs.aep.v92XV2Rj9zmTVk0T1v.KLCY3W.WeG
0,61d80ff423b906b4a8853bff,beatriz@teste.com,beatriz,Analista de Automação PL,$2b$12$8MBU9/joJeqO4JHUuP8YEeUF4f0MP5DXqAiWruTnksUAWhCJkNmlq
0,61d80ff923b906b4a8853c02,ferreira@teste.com,ferreira,Analista de Automação PL,$2b$12$s5Vv4XYm6yAMaPPocYnAQuwssomi1fBhrdooSwPT/eaWJE48CIxoK
0,61d8100123b906b4a8853c05,admin@teste.com,admin,Analista de Automação PL,$2b$12$aN2HSNKYyreOPu/5rlpPO.uvt5qWff3oHOVOvfMf.BZZjsZ1QezuG